Image,CLIP Score
frame_12.jpg,35.42442
frame_36.jpg,35.339928
frame_60.jpg,34.018826
frame_84.jpg,37.191383
frame_72.jpg,34.528534
frame_48.jpg,34.61658
frame_0.jpg,35.86136
frame_96.jpg,36.67679
frame_24.jpg,36.005962
frame_108.jpg,35.98485
