Image,CLIP Score
frame_0.jpg,35.083775
frame_24.jpg,39.1261
frame_84.jpg,39.218655
frame_96.jpg,37.17883
frame_60.jpg,28.117548
frame_72.jpg,33.839737
frame_12.jpg,36.5229
frame_36.jpg,38.67514
frame_48.jpg,35.856747
frame_108.jpg,35.87489
