Image,CLIP Score
frame_12.jpg,21.683376
frame_36.jpg,25.19759
frame_60.jpg,25.986631
frame_84.jpg,23.523413
frame_72.jpg,26.049019
frame_48.jpg,26.074379
frame_0.jpg,24.30814
frame_96.jpg,22.454027
frame_24.jpg,27.507689
frame_108.jpg,21.37357
