Image,CLIP Score
frame_0.jpg,23.709116
frame_24.jpg,30.005796
frame_84.jpg,28.822943
frame_96.jpg,31.432154
frame_60.jpg,19.02108
frame_72.jpg,20.418468
frame_12.jpg,23.415207
frame_36.jpg,32.92165
frame_48.jpg,29.835693
frame_108.jpg,25.658182
