Image,CLIP Score
frame_0.jpg,37.8962
frame_24.jpg,31.89799
frame_84.jpg,32.780025
frame_96.jpg,29.577261
frame_60.jpg,30.606083
frame_72.jpg,32.30458
frame_12.jpg,32.164463
frame_36.jpg,29.833502
frame_48.jpg,31.13067
frame_108.jpg,38.602085
