Image,CLIP Score
frame_0.jpg,35.548107
frame_24.jpg,36.99882
frame_84.jpg,38.763416
frame_96.jpg,36.439518
frame_60.jpg,31.470522
frame_72.jpg,36.12751
frame_12.jpg,34.677128
frame_36.jpg,35.77697
frame_48.jpg,36.22994
frame_108.jpg,36.241596
