Image,CLIP Score
frame_0.jpg,37.959538
frame_24.jpg,38.309742
frame_84.jpg,37.998783
frame_96.jpg,38.104412
frame_60.jpg,34.281517
frame_72.jpg,36.063168
frame_12.jpg,38.714405
frame_36.jpg,37.615154
frame_48.jpg,34.94652
frame_108.jpg,37.977783
