Image,CLIP Score
frame_12.jpg,40.593002
frame_36.jpg,29.708652
frame_60.jpg,37.136845
frame_84.jpg,31.183712
frame_72.jpg,38.242813
frame_48.jpg,38.369476
frame_0.jpg,40.435287
frame_96.jpg,31.477903
frame_24.jpg,29.069067
frame_108.jpg,41.247005
