Image,CLIP Score
frame_12.jpg,23.404587
frame_36.jpg,20.491642
frame_60.jpg,22.040482
frame_84.jpg,20.091972
frame_72.jpg,20.899754
frame_48.jpg,25.415806
frame_0.jpg,21.555996
frame_96.jpg,22.429668
frame_24.jpg,23.584198
frame_108.jpg,24.588575
