Image,CLIP Score
frame_12.jpg,34.445976
frame_36.jpg,34.248837
frame_60.jpg,31.199646
frame_84.jpg,33.954605
frame_72.jpg,34.577904
frame_48.jpg,33.45697
frame_0.jpg,34.84189
frame_96.jpg,36.45534
frame_24.jpg,35.888786
frame_108.jpg,35.749523
