Image,CLIP Score
frame_12.jpg,30.535824
frame_36.jpg,28.239124
frame_60.jpg,26.214283
frame_84.jpg,26.508764
frame_72.jpg,27.209572
frame_48.jpg,27.397278
frame_0.jpg,29.189754
frame_96.jpg,29.316046
frame_24.jpg,27.127659
frame_108.jpg,29.683882
