Image,CLIP Score
frame_0.jpg,45.45428
frame_24.jpg,41.772293
frame_84.jpg,40.712204
frame_96.jpg,40.43283
frame_60.jpg,35.82719
frame_72.jpg,38.50614
frame_12.jpg,43.047535
frame_36.jpg,41.635357
frame_48.jpg,36.548874
frame_108.jpg,42.128513
