Image,CLIP Score
frame_0.jpg,38.093384
frame_24.jpg,37.746456
frame_84.jpg,38.602364
frame_96.jpg,39.973515
frame_60.jpg,33.877216
frame_72.jpg,35.413666
frame_12.jpg,38.59453
frame_36.jpg,36.780983
frame_48.jpg,34.788723
frame_108.jpg,38.54329
