Image,CLIP Score
frame_0.jpg,32.74937
frame_24.jpg,33.4764
frame_84.jpg,34.94919
frame_96.jpg,32.56555
frame_60.jpg,30.624496
frame_72.jpg,32.12678
frame_12.jpg,32.536884
frame_36.jpg,34.588173
frame_48.jpg,30.347427
frame_108.jpg,31.672771
