Image,CLIP Score
frame_0.jpg,19.492054
frame_24.jpg,26.853891
frame_84.jpg,22.766747
frame_96.jpg,21.188627
frame_60.jpg,18.502842
frame_72.jpg,20.681656
frame_12.jpg,25.909065
frame_36.jpg,27.477955
frame_48.jpg,25.40896
frame_108.jpg,23.099688
