Image,CLIP Score
frame_12.jpg,18.959877
frame_36.jpg,22.758629
frame_60.jpg,25.955616
frame_84.jpg,18.362335
frame_72.jpg,25.39694
frame_48.jpg,23.193733
frame_0.jpg,23.496851
frame_96.jpg,18.913221
frame_24.jpg,22.515442
frame_108.jpg,21.682837
