Image,CLIP Score
frame_12.jpg,36.176914
frame_36.jpg,36.866272
frame_60.jpg,32.516296
frame_84.jpg,37.115044
frame_72.jpg,36.873234
frame_48.jpg,35.449455
frame_0.jpg,29.29784
frame_96.jpg,36.670586
frame_24.jpg,36.791603
frame_108.jpg,36.310112
