Image,CLIP Score
frame_0.jpg,28.637995
frame_24.jpg,34.47625
frame_84.jpg,34.99954
frame_96.jpg,35.325974
frame_60.jpg,25.849249
frame_72.jpg,36.31452
frame_12.jpg,34.179474
frame_36.jpg,35.357136
frame_48.jpg,35.33331
frame_108.jpg,35.107906
