Image,CLIP Score
frame_0.jpg,36.166145
frame_24.jpg,33.014618
frame_84.jpg,40.88621
frame_96.jpg,42.277752
frame_60.jpg,35.49677
frame_72.jpg,36.826763
frame_12.jpg,34.730507
frame_36.jpg,34.21489
frame_48.jpg,34.221985
frame_108.jpg,42.688194
