Image,CLIP Score
frame_12.jpg,39.603508
frame_36.jpg,30.356136
frame_60.jpg,36.15429
frame_84.jpg,27.95548
frame_72.jpg,37.519577
frame_48.jpg,37.601418
frame_0.jpg,39.67959
frame_96.jpg,29.617619
frame_24.jpg,34.67316
frame_108.jpg,39.4167
