Image,CLIP Score
frame_12.jpg,30.224262
frame_36.jpg,32.975224
frame_60.jpg,30.644138
frame_84.jpg,32.09524
frame_72.jpg,30.594046
frame_48.jpg,31.711645
frame_0.jpg,31.186777
frame_96.jpg,31.644835
frame_24.jpg,31.808447
frame_108.jpg,30.34082
