Image,CLIP Score
frame_0.jpg,23.099384
frame_24.jpg,36.730625
frame_84.jpg,30.388262
frame_96.jpg,26.516035
frame_60.jpg,18.836357
frame_72.jpg,21.335905
frame_12.jpg,35.962906
frame_36.jpg,36.46899
frame_48.jpg,36.936897
frame_108.jpg,25.372189
