Image,CLIP Score
frame_0.jpg,15.683997
frame_24.jpg,19.204813
frame_84.jpg,11.130278
frame_96.jpg,10.498117
frame_60.jpg,24.109402
frame_72.jpg,26.07643
frame_12.jpg,13.784432
frame_36.jpg,26.300482
frame_48.jpg,25.80558
frame_108.jpg,21.360697
