Image,CLIP Score
frame_0.jpg,41.10884
frame_24.jpg,38.69278
frame_84.jpg,32.474083
frame_96.jpg,36.283867
frame_60.jpg,30.21899
frame_72.jpg,28.300251
frame_12.jpg,40.510292
frame_36.jpg,34.541252
frame_48.jpg,28.980188
frame_108.jpg,40.20363
