Image,CLIP Score
frame_0.jpg,37.64875
frame_24.jpg,38.717907
frame_84.jpg,35.21363
frame_96.jpg,34.604546
frame_60.jpg,33.779984
frame_72.jpg,36.962322
frame_12.jpg,39.2419
frame_36.jpg,36.00232
frame_48.jpg,36.45091
frame_108.jpg,37.857944
