Image,CLIP Score
frame_0.jpg,39.01646
frame_24.jpg,33.3724
frame_84.jpg,25.305737
frame_96.jpg,28.383593
frame_60.jpg,34.615505
frame_72.jpg,36.29812
frame_12.jpg,39.44219
frame_36.jpg,32.706738
frame_48.jpg,36.81012
frame_108.jpg,39.651154
