Image,CLIP Score
frame_0.jpg,32.617023
frame_24.jpg,30.368633
frame_84.jpg,28.466303
frame_96.jpg,31.501411
frame_60.jpg,22.899221
frame_72.jpg,25.687168
frame_12.jpg,28.044704
frame_36.jpg,30.021116
frame_48.jpg,23.848484
frame_108.jpg,31.850563
