Image,CLIP Score
frame_12.jpg,25.681175
frame_36.jpg,34.73992
frame_60.jpg,28.802143
frame_84.jpg,31.19385
frame_72.jpg,28.822655
frame_48.jpg,28.977268
frame_0.jpg,25.388
frame_96.jpg,27.22008
frame_24.jpg,33.881645
frame_108.jpg,23.553993
