Image,CLIP Score
frame_0.jpg,27.336187
frame_24.jpg,30.948185
frame_84.jpg,25.7293
frame_96.jpg,29.656984
frame_60.jpg,28.951881
frame_72.jpg,29.783485
frame_12.jpg,30.487762
frame_36.jpg,32.74597
frame_48.jpg,25.150629
frame_108.jpg,27.950008
