Image,CLIP Score
frame_12.jpg,36.42558
frame_36.jpg,39.04494
frame_60.jpg,36.8836
frame_84.jpg,33.386024
frame_72.jpg,36.940525
frame_48.jpg,37.84066
frame_0.jpg,34.400337
frame_96.jpg,33.12575
frame_24.jpg,38.246784
frame_108.jpg,32.849827
