Image,CLIP Score
frame_12.jpg,20.826653
frame_36.jpg,25.369764
frame_60.jpg,22.637838
frame_84.jpg,24.428543
frame_72.jpg,27.143986
frame_48.jpg,26.732105
frame_0.jpg,19.895407
frame_96.jpg,23.879383
frame_24.jpg,23.918867
frame_108.jpg,22.06136
