Image,CLIP Score
frame_0.jpg,38.417248
frame_24.jpg,35.872498
frame_84.jpg,35.419704
frame_96.jpg,30.532139
frame_60.jpg,37.474262
frame_72.jpg,37.247124
frame_12.jpg,38.978992
frame_36.jpg,35.799206
frame_48.jpg,37.001606
frame_108.jpg,36.46736
