Image,CLIP Score
frame_12.jpg,36.029015
frame_36.jpg,35.681732
frame_60.jpg,33.05276
frame_84.jpg,34.05801
frame_72.jpg,34.91369
frame_48.jpg,35.516357
frame_0.jpg,34.42458
frame_96.jpg,36.480637
frame_24.jpg,37.082306
frame_108.jpg,34.814335
