Image,CLIP Score
frame_0.jpg,39.34822
frame_24.jpg,33.794476
frame_84.jpg,30.870497
frame_96.jpg,33.185577
frame_60.jpg,34.254143
frame_72.jpg,36.31183
frame_12.jpg,39.41605
frame_36.jpg,28.227964
frame_48.jpg,36.399025
frame_108.jpg,40.281105
