Image,CLIP Score
frame_12.jpg,22.698645
frame_36.jpg,20.241877
frame_60.jpg,29.775108
frame_84.jpg,21.16045
frame_72.jpg,27.607655
frame_48.jpg,20.839813
frame_0.jpg,22.017906
frame_96.jpg,17.40016
frame_24.jpg,21.43099
frame_108.jpg,23.423342
