Image,CLIP Score
frame_12.jpg,25.83179
frame_36.jpg,33.776886
frame_60.jpg,28.39532
frame_84.jpg,32.44628
frame_72.jpg,30.976927
frame_48.jpg,30.770157
frame_0.jpg,26.917753
frame_96.jpg,30.996742
frame_24.jpg,32.69636
frame_108.jpg,28.524494
