Image,CLIP Score
frame_12.jpg,29.709166
frame_36.jpg,33.553177
frame_60.jpg,31.743008
frame_84.jpg,33.16107
frame_72.jpg,26.521027
frame_48.jpg,31.08987
frame_0.jpg,28.04166
frame_96.jpg,33.157867
frame_24.jpg,34.665253
frame_108.jpg,34.445187
