Image,CLIP Score
frame_12.jpg,29.783401
frame_36.jpg,23.119244
frame_60.jpg,26.794075
frame_84.jpg,26.814663
frame_72.jpg,24.84146
frame_48.jpg,23.901232
frame_0.jpg,30.032164
frame_96.jpg,26.07703
frame_24.jpg,28.812115
frame_108.jpg,29.17541
