Image,CLIP Score
frame_12.jpg,33.914536
frame_36.jpg,34.711132
frame_60.jpg,33.50387
frame_84.jpg,34.775726
frame_72.jpg,35.385025
frame_48.jpg,34.42041
frame_0.jpg,34.947327
frame_96.jpg,34.634117
frame_24.jpg,34.814556
frame_108.jpg,33.2401
