Image,CLIP Score
frame_12.jpg,19.821068
frame_36.jpg,21.416492
frame_60.jpg,18.917553
frame_84.jpg,20.12152
frame_72.jpg,22.466845
frame_48.jpg,22.078762
frame_0.jpg,20.626171
frame_96.jpg,19.101028
frame_24.jpg,19.1319
frame_108.jpg,20.949411
