Image,CLIP Score
frame_12.jpg,38.12339
frame_36.jpg,37.322025
frame_60.jpg,35.340675
frame_84.jpg,34.892723
frame_72.jpg,34.877285
frame_48.jpg,37.127247
frame_0.jpg,37.20649
frame_96.jpg,36.03253
frame_24.jpg,37.11997
frame_108.jpg,36.14679
