Image,CLIP Score
frame_12.jpg,34.817184
frame_36.jpg,37.343315
frame_60.jpg,34.384396
frame_84.jpg,34.51672
frame_72.jpg,35.794994
frame_48.jpg,36.330784
frame_0.jpg,32.833633
frame_96.jpg,34.001595
frame_24.jpg,37.77435
frame_108.jpg,33.443455
