Image,CLIP Score
frame_0.jpg,34.050007
frame_24.jpg,34.190273
frame_84.jpg,29.472313
frame_96.jpg,33.08948
frame_60.jpg,35.562992
frame_72.jpg,35.859642
frame_12.jpg,34.584946
frame_36.jpg,38.3597
frame_48.jpg,37.27629
frame_108.jpg,35.136173
