Image,CLIP Score
frame_12.jpg,34.35312
frame_36.jpg,33.822
frame_60.jpg,29.99866
frame_84.jpg,34.03769
frame_72.jpg,32.90324
frame_48.jpg,33.03688
frame_0.jpg,31.932106
frame_96.jpg,33.10102
frame_24.jpg,34.596504
frame_108.jpg,32.421085
