Image,CLIP Score
frame_0.jpg,37.475014
frame_24.jpg,39.880684
frame_84.jpg,37.846905
frame_96.jpg,37.095463
frame_60.jpg,38.782215
frame_72.jpg,37.626118
frame_12.jpg,38.56136
frame_36.jpg,38.234978
frame_48.jpg,39.08835
frame_108.jpg,38.089523
