Image,CLIP Score
frame_0.jpg,12.719481
frame_24.jpg,12.272328
frame_84.jpg,17.150932
frame_96.jpg,9.684938
frame_60.jpg,17.341507
frame_72.jpg,12.771372
frame_12.jpg,11.235517
frame_36.jpg,14.867942
frame_48.jpg,13.52183
frame_108.jpg,13.2512045
