Image,CLIP Score
frame_12.jpg,33.734283
frame_36.jpg,33.320107
frame_60.jpg,35.235756
frame_84.jpg,33.805317
frame_72.jpg,32.86689
frame_48.jpg,35.10615
frame_0.jpg,33.934036
frame_96.jpg,35.08992
frame_24.jpg,34.549084
frame_108.jpg,34.67439
