Image,CLIP Score
frame_12.jpg,27.16993
frame_36.jpg,27.614666
frame_60.jpg,28.365416
frame_84.jpg,29.89362
frame_72.jpg,30.706993
frame_48.jpg,32.662712
frame_0.jpg,25.498192
frame_96.jpg,29.474766
frame_24.jpg,30.34146
frame_108.jpg,24.661425
