Image,CLIP Score
frame_0.jpg,23.177431
frame_24.jpg,30.200012
frame_84.jpg,23.770573
frame_96.jpg,24.128498
frame_60.jpg,24.410664
frame_72.jpg,21.933867
frame_12.jpg,26.457104
frame_36.jpg,29.37232
frame_48.jpg,27.94596
frame_108.jpg,21.61774
