Image,CLIP Score
frame_12.jpg,32.828716
frame_36.jpg,32.79364
frame_60.jpg,34.51969
frame_84.jpg,31.216757
frame_72.jpg,33.6166
frame_48.jpg,34.319183
frame_0.jpg,33.36564
frame_96.jpg,31.574026
frame_24.jpg,32.08145
frame_108.jpg,32.79828
