Image,CLIP Score
frame_12.jpg,33.068512
frame_36.jpg,33.187977
frame_60.jpg,32.335636
frame_84.jpg,31.99109
frame_72.jpg,31.359568
frame_48.jpg,33.159416
frame_0.jpg,30.19439
frame_96.jpg,33.189148
frame_24.jpg,33.01532
frame_108.jpg,33.714474
