Image,CLIP Score
frame_12.jpg,40.04713
frame_36.jpg,38.760033
frame_60.jpg,40.848915
frame_84.jpg,32.930374
frame_72.jpg,37.256027
frame_48.jpg,39.885925
frame_0.jpg,39.093483
frame_96.jpg,33.46906
frame_24.jpg,38.870186
frame_108.jpg,35.673916
