Image,CLIP Score
frame_12.jpg,29.482906
frame_36.jpg,28.787758
frame_60.jpg,23.282375
frame_84.jpg,29.332474
frame_72.jpg,28.893995
frame_48.jpg,29.236809
frame_0.jpg,30.033367
frame_96.jpg,30.368277
frame_24.jpg,29.441319
frame_108.jpg,32.27115
