Image,CLIP Score
frame_12.jpg,26.234882
frame_36.jpg,32.432026
frame_60.jpg,23.79401
frame_84.jpg,32.20903
frame_72.jpg,27.71341
frame_48.jpg,25.836891
frame_0.jpg,26.89434
frame_96.jpg,32.094208
frame_24.jpg,31.753424
frame_108.jpg,25.828344
