Image,CLIP Score
frame_0.jpg,22.801502
frame_24.jpg,12.751803
frame_84.jpg,19.908264
frame_96.jpg,10.304652
frame_60.jpg,30.41005
frame_72.jpg,24.609497
frame_12.jpg,13.5519085
frame_36.jpg,14.16544
frame_48.jpg,20.304028
frame_108.jpg,23.784996
