Image,CLIP Score
frame_0.jpg,40.299503
frame_24.jpg,35.760174
frame_84.jpg,42.211395
frame_96.jpg,35.139645
frame_60.jpg,41.502567
frame_72.jpg,42.53197
frame_12.jpg,41.230854
frame_36.jpg,42.7669
frame_48.jpg,41.795425
frame_108.jpg,38.8716
