Image,CLIP Score
frame_12.jpg,36.371464
frame_36.jpg,31.205463
frame_60.jpg,34.623127
frame_84.jpg,25.553223
frame_72.jpg,32.76614
frame_48.jpg,33.03788
frame_0.jpg,37.478096
frame_96.jpg,24.640146
frame_24.jpg,32.420265
frame_108.jpg,37.41509
