Image,CLIP Score
frame_0.jpg,22.47072
frame_24.jpg,27.23874
frame_84.jpg,31.947214
frame_96.jpg,26.351294
frame_60.jpg,29.326254
frame_72.jpg,32.664047
frame_12.jpg,25.135027
frame_36.jpg,26.138493
frame_48.jpg,31.517466
frame_108.jpg,22.890518
