Image,CLIP Score
frame_0.jpg,40.27953
frame_24.jpg,38.46816
frame_84.jpg,40.937042
frame_96.jpg,39.35417
frame_60.jpg,31.823452
frame_72.jpg,33.90244
frame_12.jpg,40.037643
frame_36.jpg,39.005165
frame_48.jpg,33.41623
frame_108.jpg,40.436584
