Image,CLIP Score
frame_0.jpg,30.07555
frame_24.jpg,29.04481
frame_84.jpg,30.554476
frame_96.jpg,23.870802
frame_60.jpg,31.385578
frame_72.jpg,24.784285
frame_12.jpg,29.444662
frame_36.jpg,30.620243
frame_48.jpg,32.371777
frame_108.jpg,31.88133
