Image,CLIP Score
frame_0.jpg,38.458645
frame_24.jpg,38.843933
frame_84.jpg,29.054615
frame_96.jpg,34.451588
frame_60.jpg,32.863
frame_72.jpg,35.65072
frame_12.jpg,39.08366
frame_36.jpg,29.198019
frame_48.jpg,36.021263
frame_108.jpg,39.347233
