Image,CLIP Score
frame_12.jpg,18.970364
frame_36.jpg,22.538544
frame_60.jpg,24.617111
frame_84.jpg,23.997673
frame_72.jpg,23.227451
frame_48.jpg,23.812595
frame_0.jpg,18.68553
frame_96.jpg,20.057137
frame_24.jpg,23.60321
frame_108.jpg,18.472317
