Image,CLIP Score
frame_0.jpg,33.783154
frame_24.jpg,40.970226
frame_84.jpg,45.30825
frame_96.jpg,37.678463
frame_60.jpg,31.749313
frame_72.jpg,37.66194
frame_12.jpg,40.225704
frame_36.jpg,41.22362
frame_48.jpg,32.968277
frame_108.jpg,30.080868
