Image,CLIP Score
frame_12.jpg,38.47935
frame_36.jpg,35.62594
frame_60.jpg,36.448143
frame_84.jpg,37.367218
frame_72.jpg,34.811947
frame_48.jpg,36.77619
frame_0.jpg,37.975464
frame_96.jpg,38.389748
frame_24.jpg,38.992367
frame_108.jpg,37.384815
