Image,CLIP Score
frame_0.jpg,38.886356
frame_24.jpg,38.174904
frame_84.jpg,34.505623
frame_96.jpg,35.799644
frame_60.jpg,35.11442
frame_72.jpg,37.046955
frame_12.jpg,38.743065
frame_36.jpg,35.585693
frame_48.jpg,35.89069
frame_108.jpg,39.374344
