Image,CLIP Score
frame_0.jpg,30.391935
frame_24.jpg,42.40241
frame_84.jpg,28.96942
frame_96.jpg,29.206522
frame_60.jpg,31.127792
frame_72.jpg,32.092087
frame_12.jpg,37.638515
frame_36.jpg,41.871304
frame_48.jpg,36.776817
frame_108.jpg,29.306705
