Image,CLIP Score
frame_12.jpg,37.333233
frame_36.jpg,33.417984
frame_60.jpg,36.442245
frame_84.jpg,33.733253
frame_72.jpg,36.500343
frame_48.jpg,32.58431
frame_0.jpg,34.135895
frame_96.jpg,38.27963
frame_24.jpg,36.153873
frame_108.jpg,36.05068
