Image,CLIP Score
frame_0.jpg,31.13563
frame_24.jpg,35.0233
frame_84.jpg,33.44019
frame_96.jpg,33.26779
frame_60.jpg,33.500202
frame_72.jpg,32.95378
frame_12.jpg,31.960917
frame_36.jpg,35.7845
frame_48.jpg,33.588547
frame_108.jpg,32.779552
