Image,CLIP Score
frame_12.jpg,35.246826
frame_36.jpg,34.825333
frame_60.jpg,33.097954
frame_84.jpg,34.78257
frame_72.jpg,34.778374
frame_48.jpg,34.003548
frame_0.jpg,37.766056
frame_96.jpg,36.965473
frame_24.jpg,35.942806
frame_108.jpg,38.493214
