Image,CLIP Score
frame_12.jpg,23.054083
frame_36.jpg,19.041218
frame_60.jpg,23.744862
frame_84.jpg,20.859545
frame_72.jpg,26.22675
frame_48.jpg,26.070728
frame_0.jpg,22.541264
frame_96.jpg,19.456776
frame_24.jpg,19.738705
frame_108.jpg,23.601536
