Image,CLIP Score
frame_0.jpg,29.208092
frame_24.jpg,34.003654
frame_84.jpg,30.985573
frame_96.jpg,30.132807
frame_60.jpg,23.524723
frame_72.jpg,28.899057
frame_12.jpg,35.874744
frame_36.jpg,35.3308
frame_48.jpg,36.503815
frame_108.jpg,28.246004
