Image,CLIP Score
frame_0.jpg,41.115875
frame_24.jpg,32.707817
frame_84.jpg,26.413794
frame_96.jpg,36.361603
frame_60.jpg,34.668636
frame_72.jpg,32.077705
frame_12.jpg,37.86432
frame_36.jpg,28.694258
frame_48.jpg,34.33036
frame_108.jpg,41.206272
