Image,CLIP Score
frame_0.jpg,33.31096
frame_24.jpg,33.419544
frame_84.jpg,33.41576
frame_96.jpg,33.409462
frame_60.jpg,29.800781
frame_72.jpg,33.429173
frame_12.jpg,34.30037
frame_36.jpg,31.396318
frame_48.jpg,34.132504
frame_108.jpg,36.843555
