Image,CLIP Score
frame_0.jpg,31.514292
frame_24.jpg,33.905384
frame_84.jpg,33.392437
frame_96.jpg,30.734272
frame_60.jpg,35.997482
frame_72.jpg,34.344334
frame_12.jpg,35.213882
frame_36.jpg,24.86599
frame_48.jpg,33.27456
frame_108.jpg,28.922726
