Image,CLIP Score
frame_0.jpg,24.502218
frame_24.jpg,22.017473
frame_84.jpg,16.876755
frame_96.jpg,19.265896
frame_60.jpg,22.965307
frame_72.jpg,22.220924
frame_12.jpg,20.421457
frame_36.jpg,20.755556
frame_48.jpg,21.546618
frame_108.jpg,22.984468
