Image,CLIP Score
frame_0.jpg,36.531555
frame_24.jpg,39.03277
frame_84.jpg,39.009296
frame_96.jpg,39.85073
frame_60.jpg,34.695282
frame_72.jpg,36.142902
frame_12.jpg,40.21037
frame_36.jpg,39.104614
frame_48.jpg,37.2956
frame_108.jpg,40.264595
