Image,CLIP Score
frame_12.jpg,28.292444
frame_36.jpg,30.257107
frame_60.jpg,22.834469
frame_84.jpg,30.581207
frame_72.jpg,26.866201
frame_48.jpg,25.273228
frame_0.jpg,28.73908
frame_96.jpg,30.428757
frame_24.jpg,31.148264
frame_108.jpg,29.576735
