Image,CLIP Score
frame_12.jpg,33.308094
frame_36.jpg,31.457783
frame_60.jpg,21.332027
frame_84.jpg,32.314873
frame_72.jpg,29.65665
frame_48.jpg,26.206718
frame_0.jpg,33.55297
frame_96.jpg,32.85998
frame_24.jpg,33.550465
frame_108.jpg,33.20492
