Image,CLIP Score
frame_12.jpg,24.709219
frame_36.jpg,35.908607
frame_60.jpg,27.312147
frame_84.jpg,30.546423
frame_72.jpg,26.48137
frame_48.jpg,28.947891
frame_0.jpg,24.810051
frame_96.jpg,26.597742
frame_24.jpg,34.818268
frame_108.jpg,24.527416
