Image,CLIP Score
frame_12.jpg,36.70141
frame_36.jpg,35.35821
frame_60.jpg,36.328323
frame_84.jpg,33.476883
frame_72.jpg,37.334316
frame_48.jpg,36.72547
frame_0.jpg,37.418552
frame_96.jpg,32.3833
frame_24.jpg,34.1643
frame_108.jpg,37.92268
