Image,CLIP Score
frame_12.jpg,38.668453
frame_36.jpg,37.99449
frame_60.jpg,29.891832
frame_84.jpg,38.804077
frame_72.jpg,36.17698
frame_48.jpg,35.71144
frame_0.jpg,36.40458
frame_96.jpg,37.95365
frame_24.jpg,39.064632
frame_108.jpg,38.950745
