Image,CLIP Score
frame_0.jpg,38.44864
frame_24.jpg,38.388077
frame_84.jpg,36.95822
frame_96.jpg,33.92458
frame_60.jpg,36.83596
frame_72.jpg,37.146175
frame_12.jpg,39.0034
frame_36.jpg,33.087616
frame_48.jpg,31.839388
frame_108.jpg,35.97161
