Image,CLIP Score
frame_0.jpg,31.606615
frame_24.jpg,32.63845
frame_84.jpg,31.641277
frame_96.jpg,33.428524
frame_60.jpg,25.132751
frame_72.jpg,30.987568
frame_12.jpg,33.318363
frame_36.jpg,31.719168
frame_48.jpg,31.095724
frame_108.jpg,34.321312
