Image,CLIP Score
frame_0.jpg,35.762283
frame_24.jpg,36.23194
frame_84.jpg,35.612156
frame_96.jpg,36.520885
frame_60.jpg,30.505644
frame_72.jpg,31.466864
frame_12.jpg,36.414627
frame_36.jpg,34.97243
frame_48.jpg,30.836437
frame_108.jpg,37.022175
