Image,CLIP Score
frame_12.jpg,28.278383
frame_36.jpg,27.010872
frame_60.jpg,25.63255
frame_84.jpg,33.617172
frame_72.jpg,31.526697
frame_48.jpg,24.551876
frame_0.jpg,29.046463
frame_96.jpg,34.01763
frame_24.jpg,26.620132
frame_108.jpg,26.304295
