Image,CLIP Score
frame_12.jpg,30.968975
frame_36.jpg,32.292965
frame_60.jpg,28.718023
frame_84.jpg,32.159367
frame_72.jpg,31.657984
frame_48.jpg,28.36753
frame_0.jpg,33.808567
frame_96.jpg,33.418472
frame_24.jpg,30.836592
frame_108.jpg,34.569675
