Image,CLIP Score
frame_0.jpg,38.30699
frame_24.jpg,38.825714
frame_84.jpg,38.777275
frame_96.jpg,37.937893
frame_60.jpg,33.950996
frame_72.jpg,38.50344
frame_12.jpg,37.263462
frame_36.jpg,37.665432
frame_48.jpg,36.62363
frame_108.jpg,37.683052
