Image,CLIP Score
frame_0.jpg,39.657864
frame_24.jpg,38.994705
frame_84.jpg,37.648357
frame_96.jpg,37.340637
frame_60.jpg,34.954006
frame_72.jpg,35.32161
frame_12.jpg,40.009663
frame_36.jpg,30.045609
frame_48.jpg,26.806713
frame_108.jpg,38.23161
