Image,CLIP Score
frame_0.jpg,34.060444
frame_24.jpg,28.729393
frame_84.jpg,34.023125
frame_96.jpg,34.093143
frame_60.jpg,34.181206
frame_72.jpg,37.553207
frame_12.jpg,34.078907
frame_36.jpg,32.65258
frame_48.jpg,34.688934
frame_108.jpg,33.98738
