Image,CLIP Score
frame_12.jpg,24.677048
frame_36.jpg,24.465233
frame_60.jpg,23.756083
frame_84.jpg,26.780201
frame_72.jpg,25.620338
frame_48.jpg,20.542847
frame_0.jpg,23.834736
frame_96.jpg,23.270153
frame_24.jpg,23.722597
frame_108.jpg,20.81085
