Image,CLIP Score
frame_12.jpg,31.221016
frame_36.jpg,32.964813
frame_60.jpg,31.649807
frame_84.jpg,29.806543
frame_72.jpg,29.825638
frame_48.jpg,31.993925
frame_0.jpg,31.437687
frame_96.jpg,29.990013
frame_24.jpg,31.368029
frame_108.jpg,30.44796
