Image,CLIP Score
frame_0.jpg,41.542778
frame_24.jpg,42.853645
frame_84.jpg,36.8712
frame_96.jpg,33.339497
frame_60.jpg,41.48457
frame_72.jpg,41.810493
frame_12.jpg,40.62577
frame_36.jpg,43.427807
frame_48.jpg,42.88158
frame_108.jpg,41.067703
