Image,CLIP Score
frame_12.jpg,38.037624
frame_36.jpg,35.56886
frame_60.jpg,33.91031
frame_84.jpg,35.915516
frame_72.jpg,35.07408
frame_48.jpg,35.96653
frame_0.jpg,37.024895
frame_96.jpg,38.153008
frame_24.jpg,38.64831
frame_108.jpg,37.87696
