Image,CLIP Score
frame_0.jpg,34.197853
frame_24.jpg,36.570175
frame_84.jpg,36.973366
frame_96.jpg,36.16879
frame_60.jpg,32.189953
frame_72.jpg,35.11214
frame_12.jpg,36.35164
frame_36.jpg,36.637074
frame_48.jpg,35.676357
frame_108.jpg,36.065277
