Image,CLIP Score
frame_12.jpg,34.20282
frame_36.jpg,34.84243
frame_60.jpg,22.203243
frame_84.jpg,26.866943
frame_72.jpg,22.820713
frame_48.jpg,33.24313
frame_0.jpg,24.365208
frame_96.jpg,28.62036
frame_24.jpg,34.44069
frame_108.jpg,27.111935
