Image,CLIP Score
frame_0.jpg,37.28885
frame_24.jpg,40.32326
frame_84.jpg,37.415512
frame_96.jpg,38.709316
frame_60.jpg,25.244652
frame_72.jpg,38.942974
frame_12.jpg,39.961487
frame_36.jpg,37.513794
frame_48.jpg,38.364246
frame_108.jpg,40.163445
