Image,CLIP Score
frame_12.jpg,40.68666
frame_36.jpg,31.207163
frame_60.jpg,37.837906
frame_84.jpg,38.257797
frame_72.jpg,37.387596
frame_48.jpg,33.032036
frame_0.jpg,40.462128
frame_96.jpg,34.147865
frame_24.jpg,38.06079
frame_108.jpg,35.409813
