Image,CLIP Score
frame_0.jpg,38.109104
frame_24.jpg,39.190132
frame_84.jpg,38.276054
frame_96.jpg,34.289505
frame_60.jpg,38.429623
frame_72.jpg,37.91047
frame_12.jpg,38.667973
frame_36.jpg,38.566925
frame_48.jpg,40.769394
frame_108.jpg,38.08394
