Image,CLIP Score
frame_0.jpg,18.155445
frame_24.jpg,20.952633
frame_84.jpg,18.04792
frame_96.jpg,17.84613
frame_60.jpg,12.126437
frame_72.jpg,27.583864
frame_12.jpg,18.488855
frame_36.jpg,20.677313
frame_48.jpg,20.907522
frame_108.jpg,23.743942
