Image,CLIP Score
frame_0.jpg,31.345161
frame_24.jpg,31.23647
frame_84.jpg,24.269432
frame_96.jpg,29.394955
frame_60.jpg,23.167713
frame_72.jpg,29.887526
frame_12.jpg,31.792255
frame_36.jpg,25.87659
frame_48.jpg,27.515123
frame_108.jpg,25.898857
