Image,CLIP Score
frame_0.jpg,32.064594
frame_24.jpg,34.51181
frame_84.jpg,34.609837
frame_96.jpg,33.592525
frame_60.jpg,31.968878
frame_72.jpg,34.566525
frame_12.jpg,33.522034
frame_36.jpg,34.102665
frame_48.jpg,35.248573
frame_108.jpg,34.205505
