Image,CLIP Score
frame_12.jpg,32.97103
frame_36.jpg,31.057068
frame_60.jpg,34.274467
frame_84.jpg,31.514412
frame_72.jpg,34.045723
frame_48.jpg,33.969296
frame_0.jpg,31.393831
frame_96.jpg,30.091616
frame_24.jpg,28.66085
frame_108.jpg,31.186865
