Image,CLIP Score
frame_0.jpg,23.594936
frame_24.jpg,22.89372
frame_84.jpg,18.700247
frame_96.jpg,23.115007
frame_60.jpg,18.078352
frame_72.jpg,23.05297
frame_12.jpg,23.928656
frame_36.jpg,19.19517
frame_48.jpg,22.577238
frame_108.jpg,25.188442
