Image,CLIP Score
frame_0.jpg,36.941967
frame_24.jpg,35.979362
frame_84.jpg,34.370304
frame_96.jpg,35.596615
frame_60.jpg,23.873547
frame_72.jpg,29.203493
frame_12.jpg,37.92982
frame_36.jpg,34.293613
frame_48.jpg,32.66025
frame_108.jpg,39.466145
