Image,CLIP Score
frame_0.jpg,23.933111
frame_24.jpg,21.735954
frame_84.jpg,17.774778
frame_96.jpg,18.53989
frame_60.jpg,7.974938
frame_72.jpg,20.12646
frame_12.jpg,26.839317
frame_36.jpg,23.22295
frame_48.jpg,19.485073
frame_108.jpg,16.427364
