Image,CLIP Score
frame_0.jpg,30.113012
frame_24.jpg,33.553658
frame_84.jpg,29.150137
frame_96.jpg,34.252575
frame_60.jpg,27.411606
frame_72.jpg,27.663359
frame_12.jpg,32.922432
frame_36.jpg,32.213585
frame_48.jpg,31.426239
frame_108.jpg,34.103622
