Image,CLIP Score
frame_0.jpg,14.231939
frame_24.jpg,14.635944
frame_84.jpg,12.936489
frame_96.jpg,14.425821
frame_60.jpg,8.4547825
frame_72.jpg,12.759539
frame_12.jpg,14.923368
frame_36.jpg,12.734599
frame_48.jpg,13.066126
frame_108.jpg,14.223152
