Image,CLIP Score
frame_0.jpg,38.592327
frame_24.jpg,37.80826
frame_84.jpg,36.772297
frame_96.jpg,39.78593
frame_60.jpg,33.12026
frame_72.jpg,35.22155
frame_12.jpg,39.39025
frame_36.jpg,36.23843
frame_48.jpg,36.845634
frame_108.jpg,40.186943
