Image,CLIP Score
frame_0.jpg,18.052864
frame_24.jpg,31.58416
frame_84.jpg,18.674967
frame_96.jpg,22.203945
frame_60.jpg,12.335048
frame_72.jpg,25.864725
frame_12.jpg,33.991463
frame_36.jpg,13.65089
frame_48.jpg,22.723185
frame_108.jpg,14.113094
