Image,CLIP Score
frame_0.jpg,30.1928
frame_24.jpg,35.421307
frame_84.jpg,32.30907
frame_96.jpg,32.189335
frame_60.jpg,30.13814
frame_72.jpg,30.6891
frame_12.jpg,31.20493
frame_36.jpg,35.992554
frame_48.jpg,32.788628
frame_108.jpg,29.716967
