Image,CLIP Score
frame_12.jpg,29.682467
frame_36.jpg,30.583576
frame_60.jpg,25.275547
frame_84.jpg,38.384247
frame_72.jpg,33.276093
frame_48.jpg,29.002287
frame_0.jpg,32.90014
frame_96.jpg,38.552048
frame_24.jpg,32.45321
frame_108.jpg,38.58719
