Image,CLIP Score
frame_12.jpg,21.005207
frame_36.jpg,24.433018
frame_60.jpg,23.429035
frame_84.jpg,24.340538
frame_72.jpg,26.429409
frame_48.jpg,23.665901
frame_0.jpg,20.418814
frame_96.jpg,24.405724
frame_24.jpg,22.659842
frame_108.jpg,22.425484
