Image,CLIP Score
frame_0.jpg,33.869118
frame_24.jpg,32.47253
frame_84.jpg,34.92917
frame_96.jpg,34.205643
frame_60.jpg,33.451466
frame_72.jpg,30.34895
frame_12.jpg,32.688046
frame_36.jpg,31.277304
frame_48.jpg,32.418674
frame_108.jpg,33.538857
