Image,CLIP Score
frame_12.jpg,30.542112
frame_36.jpg,29.433813
frame_60.jpg,28.280548
frame_84.jpg,31.549366
frame_72.jpg,29.507217
frame_48.jpg,31.208458
frame_0.jpg,28.609974
frame_96.jpg,33.972702
frame_24.jpg,29.695349
frame_108.jpg,32.925495
