Image,CLIP Score
frame_0.jpg,36.108173
frame_24.jpg,38.484703
frame_84.jpg,32.331394
frame_96.jpg,34.490032
frame_60.jpg,34.076256
frame_72.jpg,32.59324
frame_12.jpg,36.567116
frame_36.jpg,34.17962
frame_48.jpg,37.602955
frame_108.jpg,36.050476
