Image,CLIP Score
frame_0.jpg,43.6167
frame_24.jpg,42.559338
frame_84.jpg,40.553707
frame_96.jpg,40.956314
frame_60.jpg,26.255568
frame_72.jpg,37.04299
frame_12.jpg,42.860645
frame_36.jpg,41.922966
frame_48.jpg,41.372826
frame_108.jpg,42.450703
