Image,CLIP Score
frame_0.jpg,33.49717
frame_24.jpg,34.634995
frame_84.jpg,35.77697
frame_96.jpg,32.209923
frame_60.jpg,30.888937
frame_72.jpg,32.398834
frame_12.jpg,32.854355
frame_36.jpg,35.360416
frame_48.jpg,32.230473
frame_108.jpg,29.427645
