Image,CLIP Score
frame_0.jpg,22.382215
frame_24.jpg,38.848595
frame_84.jpg,27.144196
frame_96.jpg,24.977833
frame_60.jpg,24.382763
frame_72.jpg,23.06381
frame_12.jpg,27.108675
frame_36.jpg,39.22916
frame_48.jpg,30.921314
frame_108.jpg,23.355225
