Image,CLIP Score
frame_0.jpg,32.40126
frame_24.jpg,30.89379
frame_84.jpg,39.8655
frame_96.jpg,37.084003
frame_60.jpg,19.234491
frame_72.jpg,32.898308
frame_12.jpg,29.998877
frame_36.jpg,27.07993
frame_48.jpg,27.953611
frame_108.jpg,36.843227
