Image,CLIP Score
frame_12.jpg,35.833748
frame_36.jpg,37.50782
frame_60.jpg,33.057384
frame_84.jpg,35.27106
frame_72.jpg,32.665306
frame_48.jpg,37.307537
frame_0.jpg,32.195488
frame_96.jpg,36.00235
frame_24.jpg,39.400814
frame_108.jpg,34.133575
