Image,CLIP Score
frame_0.jpg,19.808586
frame_24.jpg,20.485432
frame_84.jpg,17.017082
frame_96.jpg,18.27183
frame_60.jpg,22.643208
frame_72.jpg,20.148317
frame_12.jpg,22.074026
frame_36.jpg,19.989508
frame_48.jpg,21.649408
frame_108.jpg,21.395258
