Image,CLIP Score
frame_0.jpg,24.03526
frame_24.jpg,36.661846
frame_84.jpg,35.45263
frame_96.jpg,26.750536
frame_60.jpg,26.276293
frame_72.jpg,31.452665
frame_12.jpg,25.042164
frame_36.jpg,35.53766
frame_48.jpg,40.08297
frame_108.jpg,24.158909
