Image,CLIP Score
frame_12.jpg,38.21443
frame_36.jpg,36.654617
frame_60.jpg,34.91722
frame_84.jpg,36.217415
frame_72.jpg,36.71791
frame_48.jpg,35.92552
frame_0.jpg,37.765457
frame_96.jpg,37.23037
frame_24.jpg,37.778545
frame_108.jpg,38.066746
