Image,CLIP Score
frame_12.jpg,31.347202
frame_36.jpg,33.273956
frame_60.jpg,31.64529
frame_84.jpg,32.88111
frame_72.jpg,32.123016
frame_48.jpg,31.277626
frame_0.jpg,30.733095
frame_96.jpg,29.886427
frame_24.jpg,32.401176
frame_108.jpg,30.486624
