Image,CLIP Score
frame_12.jpg,29.012157
frame_36.jpg,30.803186
frame_60.jpg,31.48052
frame_84.jpg,32.162014
frame_72.jpg,31.16757
frame_48.jpg,30.589815
frame_0.jpg,30.23084
frame_96.jpg,28.166721
frame_24.jpg,28.734573
frame_108.jpg,30.884588
