Image,CLIP Score
frame_12.jpg,32.813183
frame_36.jpg,31.909184
frame_60.jpg,34.16865
frame_84.jpg,32.400192
frame_72.jpg,32.60575
frame_48.jpg,33.630783
frame_0.jpg,30.593948
frame_96.jpg,32.178654
frame_24.jpg,31.78011
frame_108.jpg,33.11342
