Image,CLIP Score
frame_0.jpg,38.81006
frame_24.jpg,33.565186
frame_84.jpg,35.20671
frame_96.jpg,34.050903
frame_60.jpg,34.019894
frame_72.jpg,36.752773
frame_12.jpg,36.186333
frame_36.jpg,33.142925
frame_48.jpg,35.149185
frame_108.jpg,39.25021
