Image,CLIP Score
frame_0.jpg,44.568645
frame_24.jpg,44.25299
frame_84.jpg,45.53727
frame_96.jpg,44.651188
frame_60.jpg,40.35255
frame_72.jpg,41.088985
frame_12.jpg,44.211666
frame_36.jpg,40.73942
frame_48.jpg,40.2057
frame_108.jpg,44.887897
