Image,CLIP Score
frame_0.jpg,31.238455
frame_24.jpg,33.96674
frame_84.jpg,35.151085
frame_96.jpg,34.319115
frame_60.jpg,25.283813
frame_72.jpg,35.743526
frame_12.jpg,32.816563
frame_36.jpg,35.103264
frame_48.jpg,35.563633
frame_108.jpg,33.066788
