Image,CLIP Score
frame_0.jpg,38.36765
frame_24.jpg,38.314342
frame_84.jpg,34.248806
frame_96.jpg,34.538406
frame_60.jpg,37.149628
frame_72.jpg,36.882717
frame_12.jpg,40.212505
frame_36.jpg,37.54801
frame_48.jpg,38.539375
frame_108.jpg,37.141598
