Image,CLIP Score
frame_0.jpg,35.107105
frame_24.jpg,22.01112
frame_84.jpg,24.34949
frame_96.jpg,32.187836
frame_60.jpg,26.902683
frame_72.jpg,29.060165
frame_12.jpg,33.78256
frame_36.jpg,26.452642
frame_48.jpg,26.927855
frame_108.jpg,36.250687
