Image,CLIP Score
frame_12.jpg,33.583874
frame_36.jpg,32.04431
frame_60.jpg,32.857487
frame_84.jpg,31.253849
frame_72.jpg,33.56317
frame_48.jpg,32.325287
frame_0.jpg,33.119865
frame_96.jpg,31.911373
frame_24.jpg,32.756557
frame_108.jpg,33.86483
