Image,CLIP Score
frame_0.jpg,30.977274
frame_24.jpg,32.646595
frame_84.jpg,32.20212
frame_96.jpg,31.96125
frame_60.jpg,32.337063
frame_72.jpg,35.71055
frame_12.jpg,33.19369
frame_36.jpg,33.921383
frame_48.jpg,31.481161
frame_108.jpg,30.460716
