Image,CLIP Score
frame_0.jpg,40.832813
frame_24.jpg,37.440594
frame_84.jpg,38.08742
frame_96.jpg,38.33149
frame_60.jpg,38.979362
frame_72.jpg,38.84324
frame_12.jpg,40.616554
frame_36.jpg,36.690247
frame_48.jpg,37.25211
frame_108.jpg,42.36837
