Image,CLIP Score
frame_0.jpg,40.702015
frame_24.jpg,43.265476
frame_84.jpg,35.52806
frame_96.jpg,31.40571
frame_60.jpg,42.469315
frame_72.jpg,40.435493
frame_12.jpg,43.25651
frame_36.jpg,42.479313
frame_48.jpg,41.84098
frame_108.jpg,40.569084
