Image,CLIP Score
frame_12.jpg,34.380318
frame_36.jpg,34.790092
frame_60.jpg,32.387398
frame_84.jpg,35.51476
frame_72.jpg,35.642563
frame_48.jpg,33.13525
frame_0.jpg,32.996677
frame_96.jpg,32.96974
frame_24.jpg,35.991497
frame_108.jpg,33.318626
