Image,CLIP Score
frame_12.jpg,33.487694
frame_36.jpg,31.23479
frame_60.jpg,29.082026
frame_84.jpg,33.97599
frame_72.jpg,32.804924
frame_48.jpg,29.303474
frame_0.jpg,35.30946
frame_96.jpg,33.697033
frame_24.jpg,34.000187
frame_108.jpg,35.7079
