Image,CLIP Score
frame_12.jpg,35.738205
frame_36.jpg,37.71072
frame_60.jpg,34.51944
frame_84.jpg,34.860626
frame_72.jpg,34.773
frame_48.jpg,36.853745
frame_0.jpg,34.72165
frame_96.jpg,35.284943
frame_24.jpg,36.227722
frame_108.jpg,34.05899
