Image,CLIP Score
frame_12.jpg,38.77057
frame_36.jpg,41.369064
frame_60.jpg,29.670586
frame_84.jpg,20.962847
frame_72.jpg,28.20675
frame_48.jpg,36.868454
frame_0.jpg,27.67407
frame_96.jpg,21.995075
frame_24.jpg,40.164326
frame_108.jpg,26.361395
