Image,CLIP Score
frame_12.jpg,36.505646
frame_36.jpg,38.497887
frame_60.jpg,31.775236
frame_84.jpg,37.276115
frame_72.jpg,36.511196
frame_48.jpg,37.31963
frame_0.jpg,33.50801
frame_96.jpg,36.06145
frame_24.jpg,40.851097
frame_108.jpg,33.65293
