Image,CLIP Score
frame_0.jpg,34.286198
frame_24.jpg,33.696342
frame_84.jpg,34.71117
frame_96.jpg,31.989212
frame_60.jpg,31.184921
frame_72.jpg,32.59965
frame_12.jpg,33.010254
frame_36.jpg,34.80612
frame_48.jpg,31.911283
frame_108.jpg,31.945768
