Image,CLIP Score
frame_12.jpg,23.705858
frame_36.jpg,23.235939
frame_60.jpg,21.405716
frame_84.jpg,18.896765
frame_72.jpg,27.013628
frame_48.jpg,19.045631
frame_0.jpg,21.832565
frame_96.jpg,19.243542
frame_24.jpg,27.904644
frame_108.jpg,21.748226
