Image,CLIP Score
frame_12.jpg,30.95017
frame_36.jpg,32.99888
frame_60.jpg,27.123898
frame_84.jpg,32.761414
frame_72.jpg,32.09861
frame_48.jpg,32.119896
frame_0.jpg,31.414066
frame_96.jpg,32.06372
frame_24.jpg,32.157818
frame_108.jpg,30.827477
