Image,CLIP Score
frame_0.jpg,27.233276
frame_24.jpg,30.027222
frame_84.jpg,28.162142
frame_96.jpg,28.856354
frame_60.jpg,18.500885
frame_72.jpg,24.804613
frame_12.jpg,24.017897
frame_36.jpg,30.237492
frame_48.jpg,21.852428
frame_108.jpg,26.78076
