Image,CLIP Score
frame_0.jpg,37.70697
frame_24.jpg,31.582977
frame_84.jpg,24.995972
frame_96.jpg,33.24706
frame_60.jpg,36.96981
frame_72.jpg,34.805412
frame_12.jpg,36.0438
frame_36.jpg,26.852528
frame_48.jpg,35.515953
frame_108.jpg,37.383015
