Image,CLIP Score
frame_0.jpg,31.7
frame_24.jpg,29.20483
frame_84.jpg,35.179916
frame_96.jpg,28.080671
frame_60.jpg,25.793447
frame_72.jpg,29.681303
frame_12.jpg,29.788801
frame_36.jpg,34.108273
frame_48.jpg,23.084557
frame_108.jpg,32.570652
