Image,CLIP Score
frame_12.jpg,33.215385
frame_36.jpg,31.567238
frame_60.jpg,32.21888
frame_84.jpg,35.937386
frame_72.jpg,33.620827
frame_48.jpg,33.84218
frame_0.jpg,33.128403
frame_96.jpg,31.687574
frame_24.jpg,30.889748
frame_108.jpg,31.945936
