Image,CLIP Score
frame_12.jpg,38.37542
frame_36.jpg,36.263107
frame_60.jpg,37.48472
frame_84.jpg,34.730835
frame_72.jpg,37.57863
frame_48.jpg,37.846596
frame_0.jpg,38.979507
frame_96.jpg,28.397552
frame_24.jpg,36.312057
frame_108.jpg,38.54802
