Image,CLIP Score
frame_12.jpg,37.26634
frame_36.jpg,32.251514
frame_60.jpg,37.833282
frame_84.jpg,33.95347
frame_72.jpg,36.182224
frame_48.jpg,37.037994
frame_0.jpg,36.758987
frame_96.jpg,33.5066
frame_24.jpg,34.710163
frame_108.jpg,32.265118
