Image,CLIP Score
frame_12.jpg,35.88317
frame_36.jpg,36.935448
frame_60.jpg,37.94087
frame_84.jpg,37.089092
frame_72.jpg,36.50084
frame_48.jpg,36.917725
frame_0.jpg,36.844284
frame_96.jpg,32.182674
frame_24.jpg,29.40413
frame_108.jpg,36.48439
