Image,CLIP Score
frame_12.jpg,30.307
frame_36.jpg,27.860125
frame_60.jpg,32.141335
frame_84.jpg,31.133335
frame_72.jpg,31.763052
frame_48.jpg,32.60337
frame_0.jpg,28.078585
frame_96.jpg,29.159248
frame_24.jpg,29.037846
frame_108.jpg,29.0327
