Image,CLIP Score
frame_12.jpg,22.026274
frame_36.jpg,24.268024
frame_60.jpg,25.420912
frame_84.jpg,24.893272
frame_72.jpg,26.966581
frame_48.jpg,22.383348
frame_0.jpg,21.386745
frame_96.jpg,21.176416
frame_24.jpg,20.40255
frame_108.jpg,24.6674
