Image,CLIP Score
frame_12.jpg,22.608898
frame_36.jpg,20.00667
frame_60.jpg,23.032513
frame_84.jpg,17.116192
frame_72.jpg,24.6932
frame_48.jpg,23.173763
frame_0.jpg,20.197342
frame_96.jpg,18.791142
frame_24.jpg,20.635761
frame_108.jpg,23.354599
