Image,CLIP Score
frame_12.jpg,27.25941
frame_36.jpg,26.940928
frame_60.jpg,23.303513
frame_84.jpg,29.570591
frame_72.jpg,23.651459
frame_48.jpg,28.518143
frame_0.jpg,23.873646
frame_96.jpg,29.176807
frame_24.jpg,28.73039
frame_108.jpg,22.35085
