Image,CLIP Score
frame_12.jpg,28.21264
frame_36.jpg,26.960745
frame_60.jpg,27.107187
frame_84.jpg,27.253975
frame_72.jpg,27.76123
frame_48.jpg,26.585829
frame_0.jpg,28.491573
frame_96.jpg,25.410324
frame_24.jpg,29.502243
frame_108.jpg,27.759575
