Image,CLIP Score
frame_0.jpg,24.430866
frame_24.jpg,32.842228
frame_84.jpg,30.542648
frame_96.jpg,35.145092
frame_60.jpg,32.01276
frame_72.jpg,34.138218
frame_12.jpg,21.87962
frame_36.jpg,33.23023
frame_48.jpg,28.593548
frame_108.jpg,27.925459
