Image,CLIP Score
frame_12.jpg,30.832834
frame_36.jpg,33.278984
frame_60.jpg,25.947113
frame_84.jpg,29.609282
frame_72.jpg,26.994534
frame_48.jpg,31.339703
frame_0.jpg,28.712069
frame_96.jpg,29.375643
frame_24.jpg,33.21824
frame_108.jpg,27.488562
