Image,CLIP Score
frame_12.jpg,31.097103
frame_36.jpg,31.679508
frame_60.jpg,27.015755
frame_84.jpg,32.945797
frame_72.jpg,32.058548
frame_48.jpg,32.006863
frame_0.jpg,29.675474
frame_96.jpg,32.060997
frame_24.jpg,31.838144
frame_108.jpg,31.291378
