Image,CLIP Score
frame_0.jpg,29.62513
frame_24.jpg,37.47497
frame_84.jpg,30.001678
frame_96.jpg,31.09888
frame_60.jpg,26.84327
frame_72.jpg,36.33129
frame_12.jpg,31.66206
frame_36.jpg,37.26718
frame_48.jpg,30.678736
frame_108.jpg,28.536568
