Image,CLIP Score
frame_0.jpg,32.84027
frame_24.jpg,34.761257
frame_84.jpg,30.645803
frame_96.jpg,30.871141
frame_60.jpg,30.024126
frame_72.jpg,29.895214
frame_12.jpg,35.181812
frame_36.jpg,33.586563
frame_48.jpg,32.283752
frame_108.jpg,32.0528
