Image,CLIP Score
frame_12.jpg,39.46701
frame_36.jpg,30.902409
frame_60.jpg,30.525898
frame_84.jpg,26.074629
frame_72.jpg,25.809343
frame_48.jpg,29.536682
frame_0.jpg,38.65396
frame_96.jpg,28.111488
frame_24.jpg,37.96929
frame_108.jpg,35.511375
