Image,CLIP Score
frame_12.jpg,41.24157
frame_36.jpg,32.917427
frame_60.jpg,37.1156
frame_84.jpg,29.914661
frame_72.jpg,37.09954
frame_48.jpg,36.807415
frame_0.jpg,40.4931
frame_96.jpg,29.681097
frame_24.jpg,35.55179
frame_108.jpg,40.700157
