Image,CLIP Score
frame_0.jpg,32.275623
frame_24.jpg,32.471966
frame_84.jpg,31.407797
frame_96.jpg,32.929928
frame_60.jpg,29.135105
frame_72.jpg,30.730637
frame_12.jpg,32.577763
frame_36.jpg,27.76358
frame_48.jpg,28.625969
frame_108.jpg,32.12549
