Image,CLIP Score
frame_0.jpg,27.119402
frame_24.jpg,36.400414
frame_84.jpg,34.772926
frame_96.jpg,36.562378
frame_60.jpg,22.63196
frame_72.jpg,31.90122
frame_12.jpg,34.258633
frame_36.jpg,34.413357
frame_48.jpg,34.16849
frame_108.jpg,35.02688
