Image,CLIP Score
frame_12.jpg,25.548567
frame_36.jpg,31.79636
frame_60.jpg,21.992012
frame_84.jpg,28.265713
frame_72.jpg,24.754545
frame_48.jpg,29.620377
frame_0.jpg,25.274754
frame_96.jpg,30.628973
frame_24.jpg,29.940813
frame_108.jpg,27.573006
