Image,CLIP Score
frame_12.jpg,42.50079
frame_36.jpg,40.56823
frame_60.jpg,29.668236
frame_84.jpg,37.523308
frame_72.jpg,35.5424
frame_48.jpg,38.237236
frame_0.jpg,39.867508
frame_96.jpg,38.730507
frame_24.jpg,40.314983
frame_108.jpg,39.037304
