Image,CLIP Score
frame_12.jpg,38.90264
frame_36.jpg,34.130566
frame_60.jpg,38.08001
frame_84.jpg,37.85488
frame_72.jpg,37.029465
frame_48.jpg,32.15268
frame_0.jpg,37.98308
frame_96.jpg,36.9224
frame_24.jpg,39.055534
frame_108.jpg,35.60149
