Image,CLIP Score
frame_0.jpg,34.67011
frame_24.jpg,31.901075
frame_84.jpg,31.951395
frame_96.jpg,29.676214
frame_60.jpg,31.124573
frame_72.jpg,31.5902
frame_12.jpg,32.07876
frame_36.jpg,31.374962
frame_48.jpg,31.591936
frame_108.jpg,31.600079
