Image,CLIP Score
frame_12.jpg,30.215298
frame_36.jpg,30.056698
frame_60.jpg,28.158203
frame_84.jpg,30.234097
frame_72.jpg,29.839699
frame_48.jpg,28.721695
frame_0.jpg,29.466995
frame_96.jpg,29.323826
frame_24.jpg,30.651943
frame_108.jpg,28.659124
