Image,CLIP Score
frame_12.jpg,32.164055
frame_36.jpg,30.71486
frame_60.jpg,32.334183
frame_84.jpg,34.128174
frame_72.jpg,33.316174
frame_48.jpg,31.221006
frame_0.jpg,33.32337
frame_96.jpg,36.21463
frame_24.jpg,31.055061
frame_108.jpg,36.72117
