Image,CLIP Score
frame_12.jpg,35.618034
frame_36.jpg,34.306717
frame_60.jpg,33.31684
frame_84.jpg,34.583473
frame_72.jpg,34.18172
frame_48.jpg,34.75899
frame_0.jpg,32.83599
frame_96.jpg,35.95804
frame_24.jpg,35.00422
frame_108.jpg,36.358597
