Image,CLIP Score
frame_12.jpg,39.14596
frame_36.jpg,39.40558
frame_60.jpg,29.390724
frame_84.jpg,35.918343
frame_72.jpg,35.160282
frame_48.jpg,39.02052
frame_0.jpg,40.114746
frame_96.jpg,36.971657
frame_24.jpg,38.92139
frame_108.jpg,38.972935
