Image,CLIP Score
frame_0.jpg,37.07411
frame_24.jpg,35.669807
frame_84.jpg,28.340872
frame_96.jpg,32.42682
frame_60.jpg,36.246674
frame_72.jpg,35.69393
frame_12.jpg,37.11296
frame_36.jpg,34.003284
frame_48.jpg,36.228615
frame_108.jpg,36.28603
