Image,CLIP Score
frame_0.jpg,21.2773
frame_24.jpg,19.499584
frame_84.jpg,19.83985
frame_96.jpg,23.13261
frame_60.jpg,19.096325
frame_72.jpg,23.533564
frame_12.jpg,24.81603
frame_36.jpg,16.681402
frame_48.jpg,22.28579
frame_108.jpg,25.26466
