Image,CLIP Score
frame_0.jpg,34.481945
frame_24.jpg,36.029472
frame_84.jpg,35.278496
frame_96.jpg,34.29585
frame_60.jpg,37.055
frame_72.jpg,36.713993
frame_12.jpg,34.863247
frame_36.jpg,31.807657
frame_48.jpg,33.014927
frame_108.jpg,35.606754
