Image,CLIP Score
frame_0.jpg,17.143305
frame_24.jpg,22.327192
frame_84.jpg,21.68318
frame_96.jpg,20.572844
frame_60.jpg,13.59583
frame_72.jpg,18.759338
frame_12.jpg,16.758383
frame_36.jpg,17.430658
frame_48.jpg,21.07817
frame_108.jpg,17.737457
