Image,CLIP Score
frame_12.jpg,32.616135
frame_36.jpg,31.586273
frame_60.jpg,25.807875
frame_84.jpg,32.58168
frame_72.jpg,33.65133
frame_48.jpg,29.9417
frame_0.jpg,27.872353
frame_96.jpg,33.943947
frame_24.jpg,31.925425
frame_108.jpg,32.74169
