Image,CLIP Score
frame_12.jpg,35.919495
frame_36.jpg,35.765804
frame_60.jpg,32.383156
frame_84.jpg,35.338394
frame_72.jpg,32.182304
frame_48.jpg,33.864616
frame_0.jpg,34.98433
frame_96.jpg,36.71309
frame_24.jpg,35.85665
frame_108.jpg,35.435017
