Image,CLIP Score
frame_12.jpg,38.131416
frame_36.jpg,37.205025
frame_60.jpg,30.031452
frame_84.jpg,39.0971
frame_72.jpg,35.304237
frame_48.jpg,35.71351
frame_0.jpg,34.21637
frame_96.jpg,36.81768
frame_24.jpg,39.650684
frame_108.jpg,36.91066
