Image,CLIP Score
frame_0.jpg,36.07247
frame_24.jpg,36.108517
frame_84.jpg,34.35669
frame_96.jpg,36.89708
frame_60.jpg,28.96473
frame_72.jpg,34.3678
frame_12.jpg,36.50749
frame_36.jpg,35.692677
frame_48.jpg,30.9989
frame_108.jpg,36.58459
