Image,CLIP Score
frame_12.jpg,19.08823
frame_36.jpg,20.059254
frame_60.jpg,19.094032
frame_84.jpg,19.4075
frame_72.jpg,19.555603
frame_48.jpg,19.818098
frame_0.jpg,17.853558
frame_96.jpg,19.680233
frame_24.jpg,20.390306
frame_108.jpg,20.055918
