Image,CLIP Score
frame_0.jpg,26.014187
frame_24.jpg,28.914165
frame_84.jpg,31.146152
frame_96.jpg,32.802322
frame_60.jpg,23.94446
frame_72.jpg,23.275827
frame_12.jpg,24.830639
frame_36.jpg,30.202202
frame_48.jpg,30.615545
frame_108.jpg,28.707544
