Image,CLIP Score
frame_12.jpg,30.593246
frame_36.jpg,26.551899
frame_60.jpg,31.584337
frame_84.jpg,29.62204
frame_72.jpg,29.476131
frame_48.jpg,29.717564
frame_0.jpg,27.496717
frame_96.jpg,27.4636
frame_24.jpg,30.071714
frame_108.jpg,28.664522
