Image,CLIP Score
frame_12.jpg,37.79301
frame_36.jpg,34.000023
frame_60.jpg,36.690636
frame_84.jpg,30.676159
frame_72.jpg,36.54786
frame_48.jpg,37.833828
frame_0.jpg,36.61098
frame_96.jpg,30.727085
frame_24.jpg,36.965557
frame_108.jpg,36.46407
