Image,CLIP Score
frame_0.jpg,22.90206
frame_24.jpg,28.50214
frame_84.jpg,32.67327
frame_96.jpg,28.617565
frame_60.jpg,27.015219
frame_72.jpg,33.14597
frame_12.jpg,25.055626
frame_36.jpg,29.935774
frame_48.jpg,28.685911
frame_108.jpg,23.896832
