Image,CLIP Score
frame_12.jpg,36.891685
frame_36.jpg,38.102127
frame_60.jpg,38.59454
frame_84.jpg,36.465515
frame_72.jpg,39.14243
frame_48.jpg,39.89444
frame_0.jpg,36.824364
frame_96.jpg,34.891705
frame_24.jpg,36.34355
frame_108.jpg,37.238564
