Image,CLIP Score
frame_0.jpg,30.97554
frame_24.jpg,32.03348
frame_84.jpg,34.22081
frame_96.jpg,30.227884
frame_60.jpg,36.666573
frame_72.jpg,35.643085
frame_12.jpg,31.636314
frame_36.jpg,34.754543
frame_48.jpg,36.86184
frame_108.jpg,30.184309
