Image,CLIP Score
frame_12.jpg,33.155994
frame_36.jpg,33.584988
frame_60.jpg,31.521156
frame_84.jpg,34.567398
frame_72.jpg,32.538334
frame_48.jpg,31.673264
frame_0.jpg,33.52382
frame_96.jpg,37.255035
frame_24.jpg,33.2493
frame_108.jpg,34.907528
