Image,CLIP Score
frame_12.jpg,30.906322
frame_36.jpg,34.113052
frame_60.jpg,30.627853
frame_84.jpg,29.702278
frame_72.jpg,30.93185
frame_48.jpg,31.984444
frame_0.jpg,31.600842
frame_96.jpg,29.324549
frame_24.jpg,32.50254
frame_108.jpg,31.348715
