Image,CLIP Score
frame_12.jpg,33.389114
frame_36.jpg,33.09059
frame_60.jpg,34.019386
frame_84.jpg,33.94317
frame_72.jpg,33.47931
frame_48.jpg,33.22695
frame_0.jpg,35.238525
frame_96.jpg,32.97696
frame_24.jpg,33.385727
frame_108.jpg,34.731094
