Image,CLIP Score
frame_12.jpg,35.62773
frame_36.jpg,35.47425
frame_60.jpg,32.385704
frame_84.jpg,33.518906
frame_72.jpg,33.523396
frame_48.jpg,32.9833
frame_0.jpg,33.86366
frame_96.jpg,35.860092
frame_24.jpg,36.147526
frame_108.jpg,36.115047
