Image,CLIP Score
frame_0.jpg,38.269268
frame_24.jpg,36.488552
frame_84.jpg,37.660072
frame_96.jpg,37.678307
frame_60.jpg,33.039043
frame_72.jpg,35.63268
frame_12.jpg,37.910416
frame_36.jpg,35.369377
frame_48.jpg,35.513035
frame_108.jpg,38.352077
