Image,CLIP Score
frame_0.jpg,33.714108
frame_24.jpg,34.790607
frame_84.jpg,35.14092
frame_96.jpg,33.469234
frame_60.jpg,30.906176
frame_72.jpg,32.259468
frame_12.jpg,31.647257
frame_36.jpg,33.850685
frame_48.jpg,32.195934
frame_108.jpg,33.846367
