Image,CLIP Score
frame_0.jpg,34.989044
frame_24.jpg,39.19949
frame_84.jpg,38.47727
frame_96.jpg,36.861984
frame_60.jpg,25.713678
frame_72.jpg,32.209797
frame_12.jpg,36.425255
frame_36.jpg,38.755486
frame_48.jpg,35.287666
frame_108.jpg,35.98363
