Image,CLIP Score
frame_12.jpg,31.097942
frame_36.jpg,31.991438
frame_60.jpg,27.905006
frame_84.jpg,31.78508
frame_72.jpg,33.542496
frame_48.jpg,33.764988
frame_0.jpg,30.227308
frame_96.jpg,31.647907
frame_24.jpg,31.159824
frame_108.jpg,30.721794
