Image,CLIP Score
frame_12.jpg,30.758251
frame_36.jpg,31.132998
frame_60.jpg,31.684143
frame_84.jpg,25.803389
frame_72.jpg,28.629805
frame_48.jpg,30.115816
frame_0.jpg,30.548038
frame_96.jpg,29.609234
frame_24.jpg,30.031635
frame_108.jpg,30.21812
