Image,CLIP Score
frame_12.jpg,39.12116
frame_36.jpg,29.733261
frame_60.jpg,35.67742
frame_84.jpg,25.98067
frame_72.jpg,37.05151
frame_48.jpg,34.71576
frame_0.jpg,39.131348
frame_96.jpg,30.497349
frame_24.jpg,32.72952
frame_108.jpg,40.032
