Image,CLIP Score
frame_0.jpg,26.667326
frame_24.jpg,22.786583
frame_84.jpg,22.416134
frame_96.jpg,17.326414
frame_60.jpg,22.287233
frame_72.jpg,19.448967
frame_12.jpg,26.016056
frame_36.jpg,21.429117
frame_48.jpg,22.57157
frame_108.jpg,19.951992
