Image,CLIP Score
frame_12.jpg,29.750835
frame_36.jpg,28.80481
frame_60.jpg,29.376484
frame_84.jpg,29.159863
frame_72.jpg,29.490622
frame_48.jpg,28.667183
frame_0.jpg,27.56123
frame_96.jpg,28.41618
frame_24.jpg,28.396471
frame_108.jpg,28.154577
