Image,CLIP Score
frame_0.jpg,39.422295
frame_24.jpg,31.04035
frame_84.jpg,38.34277
frame_96.jpg,38.04361
frame_60.jpg,42.067734
frame_72.jpg,40.862324
frame_12.jpg,39.082752
frame_36.jpg,37.49388
frame_48.jpg,40.10588
frame_108.jpg,36.017445
